{
  "first_version": {
    "MRR": 0.42465069860279525,
    "accuracy:": 0.565119760479042
  },
  "second_version(ngram=1)": {
    "MRR": 0.42608532934131815,
    "accuracy:": 0.565119760479042
  },
  "second_version(ngram=2)": {
    "MRR": 0.34624500998004143,
    "accuracy:": 0.4760479041916168
  },
  "second_version(ngram=3)": {
    "MRR": 0.310628742514971,
    "accuracy:": 0.43637724550898205
  },
  "third_version(modify stopword & ngram=2)": {
    "MRR": 0.4149201596806398,
    "accuracy:": 0.5546407185628743
  },
  "third_version(modify stopword & ngram=3)": {
    "MRR": 0.37125748502994144,
    "accuracy:": 0.5074850299401198
  },
  "fourth version(filtered by answer type)(ngram=1)": {
    "MRR": 0.40182135728543006,
    "accuracy:": 0.5280688622754491
  },
  "4th version(top5)(ngram=1)": {
    "MRR": 0.4073353293413186,
    "accuracy:": 0.5737275449101796
  },
  "4th version(top8)(ngram=1)": {
    "MRR": 0.4150141680923871,
    "accuracy:": 0.625374251497006
  },
  "fourth version(filtered by answer type)(ngram=2)": {
    "MRR": 0.35822105788423203,
    "accuracy:": 0.4539670658682635
  },
  "fourth version(filtered by answer type)(ngram=3)": {
    "MRR": 0.3218562874251502,
    "accuracy:": 0.406437125748503
  },
  "5th version(word2vec)(ngram=1)": {
    "MRR": 0.26166417165668676,
    "accuracy:": 0.3858532934131737
  },
  "5th version(word2vec)(ngram=2)": {
    "MRR": 0.2714570858283436,
    "accuracy:": 0.3948353293413174
  },
  "7th version train_2016(ngram=1)(top3)": {
    "MRR": 0.6219834419587829,
    "accuracy:": 0.7165756561564207
  },
  "7th version train_2016_new(ngram=1)(top3)": {
    "MRR": 0.6225412483119038,
    "accuracy:": 0.7169279549057601
  },
  "7th version validation(ngram=1)(top3)": {
    "MRR": 0.400763358778626,
    "accuracy:": 0.5063613231552163
  },
  "7th version validation(ngram=1)(top3)(filter)": {
    "MRR": 0.3384223918575062,
    "accuracy:": 0.4325699745547074
  },
  "7th version train_2017(ngram=1)(top3)(filter)": {
    "MRR": 0.39995009980040047,
    "accuracy:": 0.502619760479042
  },
  "8th version train_2016_new(ngram=1)(reorder, ngrams=(1, 3))": {
    "MRR": 0.5807057718278471,
    "accuracy:": 0.7169279549057601
  },
  "8th version train_2016_new(ngram=1)(reorder, ngrams=(1, 2))": {
    "MRR": 0.5785039046444754,
    "accuracy:": 0.7169279549057601
  },
  "8th version train_2016_new(ngram=1)(reorder, optimized params)": {
    "MRR": 0.6125594504139534,
    "accuracy:": 0.7125242205390171
  },
  "8th version WikiQA_train(ngram=1)(reorder, optimized params)": {
    "MRR": 0.15422768068020778,
    "accuracy:": 0.21020311761927257
  },
  "8th version WikiQA_train(ngram=1)(reorder, 如果无正确答案，直接认为答案正确"): {
    "MRR": 0.7423240434577226,
    "accuracy:": 0.798299480396788
  }
}