{
  "first_version": {
    "MRR": 0.42465069860279525,
    "accuracy:": 0.565119760479042
  },
  "second_version(ngram=1)": {
    "MRR": 0.42608532934131815,
    "accuracy:": 0.565119760479042
  },
  "second_version(ngram=2)": {
    "MRR": 0.34624500998004143,
    "accuracy:": 0.4760479041916168
  },
  "second_version(ngram=3)": {
    "MRR": 0.310628742514971,
    "accuracy:": 0.43637724550898205
  },
  "third_version(modify stopword & ngram=2)": {
    "MRR": 0.4149201596806398,
    "accuracy:": 0.5546407185628743
  },
  "third_version(modify stopword & ngram=3)": {
    "MRR": 0.37125748502994144,
    "accuracy:": 0.5074850299401198
  }
}